number(0), number(1), t, x(0), x(1), x(2), data 
0, 0, 2.101408e-02, 1.659979e+01, 0.000000e+00, 5.000000e+00, 0.000000e+00, 0.000000e+00, 0.000000e+00, 0.000000e+00, 0.000000e+00, 0.000000e+00, 0.000000e+00, 0.000000e+00, 0.000000e+00, 0.000000e+00, 0.000000e+00, 0.000000e+00, 2.670000e+00, 6.000001e+00, 3.464000e+00, 1.033337e+00, 9.677388e-01, 5.485829e-06, 1.845483e-07, 0.000000e+00, 1.000000e+00, 0.000000e+00, 6.283716e-07, 2.477006e-06, 9.999996e-01, 1.700312e+01, 0.000000e+00, 5.000000e+00
0, 0, 1.050704e-02, 1.659979e+01, 0.000000e+00, 5.000000e+00, 0.000000e+00, 0.000000e+00, 0.000000e+00, 0.000000e+00, 0.000000e+00, 0.000000e+00, 0.000000e+00, 0.000000e+00, 0.000000e+00, 0.000000e+00, 0.000000e+00, 0.000000e+00, 2.670000e+00, 6.000001e+00, 3.464000e+00, 1.033337e+00, 9.677388e-01, 5.485829e-06, 1.845483e-07, 0.000000e+00, 1.000000e+00, 0.000000e+00, 6.283716e-07, 2.477006e-06, 9.999996e-01, 1.700312e+01, 0.000000e+00, 5.000000e+00
0, 0, 0.000000e+00, 1.659979e+01, 0.000000e+00, 5.000000e+00, 0.000000e+00, 0.000000e+00, 0.000000e+00, 0.000000e+00, 0.000000e+00, 0.000000e+00, 0.000000e+00, 0.000000e+00, 0.000000e+00, 0.000000e+00, 0.000000e+00, 0.000000e+00, 2.670000e+00, 6.000001e+00, 3.464000e+00, 1.033337e+00, 9.677388e-01, 5.485829e-06, 1.845483e-07, 0.000000e+00, 1.000000e+00, 0.000000e+00, 6.283716e-07, 2.477006e-06, 9.999996e-01, 1.700312e+01, 0.000000e+00, 5.000000e+00
1, 1, 1.050704e-02, 2.263316e+01, 0.000000e+00, 5.000000e+00, 0.000000e+00, 0.000000e+00, 0.000000e+00, 0.000000e+00, 0.000000e+00, 0.000000e+00, 0.000000e+00, 0.000000e+00, 0.000000e+00, 0.000000e+00, 0.000000e+00, 0.000000e+00, 2.670000e+00, 6.000000e+00, 3.464000e+00, 9.583285e-01, 1.043484e+00, 1.194032e-05, 1.850781e-07, 0.000000e+00, 1.000000e+00, 0.000000e+00, 2.799951e-07, 2.477005e-06, 9.999995e-01, 2.300261e+01, 0.000000e+00, 4.999999e+00
1, 1, 0.000000e+00, 2.263316e+01, 0.000000e+00, 5.000000e+00, 0.000000e+00, 0.000000e+00, 0.000000e+00, 0.000000e+00, 0.000000e+00, 0.000000e+00, 0.000000e+00, 0.000000e+00, 0.000000e+00, 0.000000e+00, 0.000000e+00, 0.000000e+00, 2.670000e+00, 6.000000e+00, 3.464000e+00, 9.583285e-01, 1.043484e+00, 1.194032e-05, 1.850781e-07, 0.000000e+00, 1.000000e+00, 0.000000e+00, 2.799951e-07, 2.477005e-06, 9.999995e-01, 2.300261e+01, 0.000000e+00, 4.999999e+00
2, 2, 1.050704e-02, 1.659979e+01, 0.000000e+00, 2.000000e+01, 0.000000e+00, 0.000000e+00, 0.000000e+00, 0.000000e+00, 0.000000e+00, 0.000000e+00, 0.000000e+00, 0.000000e+00, 0.000000e+00, 0.000000e+00, 0.000000e+00, 0.000000e+00, 2.670000e+00, 6.000001e+00, 3.464000e+00, 1.033341e+00, 9.677388e-01, 5.485831e-06, 1.845516e-07, 0.000000e+00, 1.000000e+00, 0.000000e+00, 1.642384e-06, 9.536743e-06, 9.999959e-01, 1.700312e+01, 0.000000e+00, 2.000000e+01
2, 2, 0.000000e+00, 1.659979e+01, 0.000000e+00, 2.000000e+01, 0.000000e+00, 0.000000e+00, 0.000000e+00, 0.000000e+00, 0.000000e+00, 0.000000e+00, 0.000000e+00, 0.000000e+00, 0.000000e+00, 0.000000e+00, 0.000000e+00, 0.000000e+00, 2.670000e+00, 6.000001e+00, 3.464000e+00, 1.033341e+00, 9.677388e-01, 5.485831e-06, 1.845516e-07, 0.000000e+00, 1.000000e+00, 0.000000e+00, 1.642384e-06, 9.536743e-06, 9.999959e-01, 1.700312e+01, 0.000000e+00, 2.000000e+01
3, 3, 2.101408e-02, 2.263316e+01, 0.000000e+00, 2.000000e+01, -1.849906e-34, -1.326240e-33, -1.069801e-31, -3.275303e-33, -2.747516e-32, -7.614783e-33, -6.833351e-34, -8.377196e-32, -1.282618e-30, 9.020356e-37, -2.275457e-36, -1.349299e-34, 2.670000e+00, 6.000000e+00, 3.464000e+00, 9.583320e-01, 1.043484e+00, 1.194033e-05, 1.850906e-07, 0.000000e+00, 1.000000e+00, 0.000000e+00, 6.640823e-07, 9.536736e-06, 9.999956e-01, 2.300261e+01, 0.000000e+00, 2.000000e+01
3, 3, 1.050704e-02, 2.263316e+01, 0.000000e+00, 2.000000e+01, 0.000000e+00, 0.000000e+00, 0.000000e+00, 0.000000e+00, 0.000000e+00, 0.000000e+00, 0.000000e+00, 0.000000e+00, 0.000000e+00, 0.000000e+00, 0.000000e+00, 0.000000e+00, 2.670000e+00, 6.000000e+00, 3.464000e+00, 9.583320e-01, 1.043484e+00, 1.194033e-05, 1.850906e-07, 0.000000e+00, 1.000000e+00, 0.000000e+00, 6.640823e-07, 9.536736e-06, 9.999956e-01, 2.300261e+01, 0.000000e+00, 2.000000e+01
3, 3, 0.000000e+00, 2.263316e+01, 0.000000e+00, 2.000000e+01, 0.000000e+00, 0.000000e+00, 0.000000e+00, 0.000000e+00, 0.000000e+00, 0.000000e+00, 0.000000e+00, 0.000000e+00, 0.000000e+00, 0.000000e+00, 0.000000e+00, 0.000000e+00, 2.670000e+00, 6.000000e+00, 3.464000e+00, 9.583320e-01, 1.043484e+00, 1.194033e-05, 1.850906e-07, 0.000000e+00, 1.000000e+00, 0.000000e+00, 6.640823e-07, 9.536736e-06, 9.999956e-01, 2.300261e+01, 0.000000e+00, 2.000000e+01
6, 6, 2.101408e-02, 1.949576e+01, 0.000000e+00, 8.000000e+00, 0.000000e+00, 0.000000e+00, 0.000000e+00, 0.000000e+00, 0.000000e+00, 0.000000e+00, 0.000000e+00, 0.000000e+00, 0.000000e+00, 0.000000e+00, 0.000000e+00, 0.000000e+00, 2.670000e+00, 6.000000e+00, 3.464000e+00, 1.033324e+00, 9.677492e-01, 1.019934e-05, -1.152108e-06, 0.000000e+00, 9.999999e-01, 0.000000e+00, -8.121091e-06, 2.284476e-06, 1.000002e+00, 1.999562e+01, 0.000000e+00, 8.000000e+00
6, 6, 1.050704e-02, 1.949576e+01, 0.000000e+00, 8.000000e+00, 0.000000e+00, 0.000000e+00, 0.000000e+00, 0.000000e+00, 0.000000e+00, 0.000000e+00, 0.000000e+00, 0.000000e+00, 0.000000e+00, 0.000000e+00, 0.000000e+00, 0.000000e+00, 2.670000e+00, 6.000000e+00, 3.464000e+00, 1.033324e+00, 9.677492e-01, 1.019934e-05, -1.152108e-06, 0.000000e+00, 9.999999e-01, 0.000000e+00, -8.121091e-06, 2.284476e-06, 1.000002e+00, 1.999562e+01, 0.000000e+00, 8.000000e+00
6, 6, 0.000000e+00, 1.949576e+01, 0.000000e+00, 8.000000e+00, 0.000000e+00, 0.000000e+00, 0.000000e+00, 0.000000e+00, 0.000000e+00, 0.000000e+00, 0.000000e+00, 0.000000e+00, 0.000000e+00, 0.000000e+00, 0.000000e+00, 0.000000e+00, 2.670000e+00, 6.000000e+00, 3.464000e+00, 1.033324e+00, 9.677492e-01, 1.019934e-05, -1.152108e-06, 0.000000e+00, 9.999999e-01, 0.000000e+00, -8.121091e-06, 2.284476e-06, 1.000002e+00, 1.999562e+01, 0.000000e+00, 8.000000e+00
7, 7, 1.050704e-02, 1.949576e+01, 0.000000e+00, 2.000000e+01, 0.000000e+00, 0.000000e+00, 0.000000e+00, 0.000000e+00, 0.000000e+00, 0.000000e+00, 0.000000e+00, 0.000000e+00, 0.000000e+00, 0.000000e+00, 0.000000e+00, 0.000000e+00, 2.670000e+00, 6.000000e+00, 3.464000e+00, 1.033330e+00, 9.677492e-01, 1.019934e-05, -1.152096e-06, 0.000000e+00, 9.999999e-01, 0.000000e+00, -1.203022e-05, 9.536614e-06, 9.999958e-01, 1.999562e+01, 0.000000e+00, 2.000000e+01
7, 7, 0.000000e+00, 1.949576e+01, 0.000000e+00, 2.000000e+01, 0.000000e+00, 0.000000e+00, 0.000000e+00, 0.000000e+00, 0.000000e+00, 0.000000e+00, 0.000000e+00, 0.000000e+00, 0.000000e+00, 0.000000e+00, 0.000000e+00, 0.000000e+00, 2.670000e+00, 6.000000e+00, 3.464000e+00, 1.033330e+00, 9.677492e-01, 1.019934e-05, -1.152096e-06, 0.000000e+00, 9.999999e-01, 0.000000e+00, -1.203022e-05, 9.536614e-06, 9.999958e-01, 1.999562e+01, 0.000000e+00, 2.000000e+01
9, 9, 1.050704e-02, 1.949576e+01, 3.000000e+00, 2.000000e+01, -9.320163e-19, -8.381087e-18, -2.083514e-14, -4.594811e-17, -1.332907e-16, -4.619921e-17, -1.146288e-17, -1.952287e-14, -1.927852e-13, -1.349042e-21, -1.600308e-20, -4.131655e-17, 2.670000e+00, 6.000000e+00, 3.464000e+00, 1.033334e+00, 9.677492e-01, 1.149941e-06, -1.152097e-06, -8.031726e-09, 9.999961e-01, -2.119664e-07, -1.203022e-05, -1.335132e-05, 9.999958e-01, 1.999562e+01, 3.000000e+00, 2.000000e+01
9, 9, 0.000000e+00, 1.949576e+01, 3.000000e+00, 2.000000e+01, 0.000000e+00, 0.000000e+00, 0.000000e+00, 0.000000e+00, 0.000000e+00, 0.000000e+00, 0.000000e+00, 0.000000e+00, 0.000000e+00, 0.000000e+00, 0.000000e+00, 0.000000e+00, 2.670000e+00, 6.000000e+00, 3.464000e+00, 1.033334e+00, 9.677492e-01, 1.149941e-06, -1.152097e-06, -8.031726e-09, 9.999961e-01, -2.119664e-07, -1.203022e-05, -1.335132e-05, 9.999958e-01, 1.999562e+01, 3.000000e+00, 2.000000e+01
10, 10, 2.101408e-02, 1.949890e+01, 6.000000e+00, 9.500000e+00, 0.000000e+00, 0.000000e+00, 0.000000e+00, 0.000000e+00, 0.000000e+00, 0.000000e+00, 0.000000e+00, 0.000000e+00, 0.000000e+00, 0.000000e+00, 0.000000e+00, 0.000000e+00, 2.670000e+00, 6.000000e+00, 3.464000e+00, 1.013337e+00, 9.868283e-01, 3.099768e-01, 4.809152e-07, -4.225956e-09, 1.000007e+00, 2.861053e-06, -5.198838e-09, 3.813088e-06, 1.000004e+00, 1.969888e+01, 6.000000e+00, 9.500000e+00
10, 10, 1.050704e-02, 1.949890e+01, 6.000000e+00, 9.500000e+00, 0.000000e+00, 0.000000e+00, 0.000000e+00, 0.000000e+00, 0.000000e+00, 0.000000e+00, 0.000000e+00, 0.000000e+00, 0.000000e+00, 0.000000e+00, 0.000000e+00, 0.000000e+00, 2.670000e+00, 6.000000e+00, 3.464000e+00, 1.013344e+00, 9.868283e-01, 3.099759e-01, 4.809128e-07, -4.225928e-09, 1.000000e+00, 2.861034e-06, -5.198821e-09, -1.649564e-09, 1.000004e+00, 1.969888e+01, 6.000000e+00, 9.500000e+00
10, 10, 0.000000e+00, 1.949890e+01, 6.000000e+00, 9.500000e+00, 0.000000e+00, 0.000000e+00, 0.000000e+00, 0.000000e+00, 0.000000e+00, 0.000000e+00, 0.000000e+00, 0.000000e+00, 0.000000e+00, 0.000000e+00, 0.000000e+00, 0.000000e+00, 2.670000e+00, 6.000000e+00, 3.464000e+00, 1.013344e+00, 9.868283e-01, 3.099759e-01, 4.809128e-07, -4.225928e-09, 1.000000e+00, 2.861034e-06, -5.198821e-09, -1.649564e-09, 1.000004e+00, 1.969888e+01, 6.000000e+00, 9.500000e+00
11, 11, 1.050704e-02, 1.949890e+01, 6.000000e+00, 3.050000e+01, 0.000000e+00, 0.000000e+00, 0.000000e+00, 0.000000e+00, 0.000000e+00, 0.000000e+00, 0.000000e+00, 0.000000e+00, 0.000000e+00, 0.000000e+00, 0.000000e+00, 0.000000e+00, 2.670000e+00, 6.000000e+00, 3.464000e+00, 1.013341e+00, 9.868284e-01, 3.099768e-01, -1.076067e-05, -4.225942e-09, 1.000007e+00, -1.771564e-13, -4.400375e-09, 1.144312e-05, 1.000000e+00, 1.969888e+01, 6.000000e+00, 3.050000e+01
11, 11, 0.000000e+00, 1.949890e+01, 6.000000e+00, 3.050000e+01, 0.000000e+00, 0.000000e+00, 0.000000e+00, 0.000000e+00, 0.000000e+00, 0.000000e+00, 0.000000e+00, 0.000000e+00, 0.000000e+00, 0.000000e+00, 0.000000e+00, 0.000000e+00, 2.670000e+00, 6.000000e+00, 3.464000e+00, 1.013341e+00, 9.868284e-01, 3.099768e-01, -1.076067e-05, -4.225942e-09, 1.000007e+00, -1.771564e-13, -4.400375e-09, 1.144312e-05, 1.000000e+00, 1.969888e+01, 6.000000e+00, 3.050000e+01
12, 12, 2.101408e-02, 1.949576e+01, 7.500000e+00, 5.000000e+00, 0.000000e+00, 0.000000e+00, 0.000000e+00, 0.000000e+00, 0.000000e+00, 0.000000e+00, 0.000000e+00, 0.000000e+00, 0.000000e+00, 0.000000e+00, 0.000000e+00, 0.000000e+00, 2.670000e+00, 5.999998e+00, 3.464001e+00, 1.033326e+00, 9.677492e-01, -1.152109e-06, -1.152107e-06, 1.396843e-06, 1.000000e+00, 8.288733e-07, 1.276754e-06, 1.253922e-07, 9.999995e-01, 1.999562e+01, 7.500000e+00, 5.000000e+00
12, 12, 1.050704e-02, 1.949576e+01, 7.500000e+00, 5.000000e+00, 0.000000e+00, 0.000000e+00, 0.000000e+00, 0.000000e+00, 0.000000e+00, 0.000000e+00, 0.000000e+00, 0.000000e+00, 0.000000e+00, 0.000000e+00, 0.000000e+00, 0.000000e+00, 2.670000e+00, 5.999998e+00, 3.464001e+00, 1.033326e+00, 9.677492e-01, -1.152109e-06, -1.152107e-06, 1.396843e-06, 1.000000e+00, 8.288733e-07, 1.276754e-06, 1.253922e-07, 9.999995e-01, 1.999562e+01, 7.500000e+00, 5.000000e+00
12, 12, 0.000000e+00, 1.949576e+01, 7.500000e+00, 5.000000e+00, 0.000000e+00, 0.000000e+00, 0.000000e+00, 0.000000e+00, 0.000000e+00, 0.000000e+00, 0.000000e+00, 0.000000e+00, 0.000000e+00, 0.000000e+00, 0.000000e+00, 0.000000e+00, 2.670000e+00, 5.999998e+00, 3.464001e+00, 1.033326e+00, 9.677492e-01, -1.152109e-06, -1.152107e-06, 1.396843e-06, 1.000000e+00, 8.288733e-07, 1.276754e-06, 1.253922e-07, 9.999995e-01, 1.999562e+01, 7.500000e+00, 5.000000e+00
13, 13, 2.101408e-02, 1.949787e+01, 7.500000e+00, 8.000000e+00, 0.000000e+00, 0.000000e+00, 0.000000e+00, 0.000000e+00, 0.000000e+00, 0.000000e+00, 0.000000e+00, 0.000000e+00, 0.000000e+00, 0.000000e+00, 0.000000e+00, 0.000000e+00, 2.669998e+00, 6.000000e+00, 3.464002e+00, 1.013356e+00, 9.868180e-01, 5.585967e-07, 3.099841e-01, 1.443322e-06, 1.000001e+00, 1.267746e-06, -8.503171e-06, 1.865688e-07, 9.999995e-01, 1.969784e+01, 7.500002e+00, 7.999999e+00
13, 13, 1.050704e-02, 1.949787e+01, 7.500000e+00, 8.000000e+00, 0.000000e+00, 0.000000e+00, 0.000000e+00, 0.000000e+00, 0.000000e+00, 0.000000e+00, 0.000000e+00, 0.000000e+00, 0.000000e+00, 0.000000e+00, 0.000000e+00, 0.000000e+00, 2.669998e+00, 6.000000e+00, 3.464002e+00, 1.013356e+00, 9.868180e-01, 5.585967e-07, 3.099841e-01, 1.443322e-06, 1.000001e+00, 1.267746e-06, -8.503171e-06, 1.865688e-07, 9.999995e-01, 1.969784e+01, 7.500002e+00, 7.999999e+00
13, 13, 0.000000e+00, 1.949787e+01, 7.500000e+00, 8.000000e+00, 0.000000e+00, 0.000000e+00, 0.000000e+00, 0.000000e+00, 0.000000e+00, 0.000000e+00, 0.000000e+00, 0.000000e+00, 0.000000e+00, 0.000000e+00, 0.000000e+00, 0.000000e+00, 2.669998e+00, 6.000000e+00, 3.464002e+00, 1.013356e+00, 9.868180e-01, 5.585967e-07, 3.099841e-01, 1.443322e-06, 1.000001e+00, 1.267746e-06, -8.503171e-06, 1.865688e-07, 9.999995e-01, 1.969784e+01, 7.500002e+00, 7.999999e+00
14, 14, 2.101408e-02, 1.949544e+01, 7.500000e+00, 9.500000e+00, -5.174731e-29, 7.575708e-35, -5.591378e-28, -2.977230e-27, -2.951185e-27, -8.826248e-27, 9.562212e-36, -5.279415e-28, -1.115874e-33, -4.293519e-32, 9.763151e-38, -6.304797e-31, 2.670000e+00, 6.000000e+00, 3.464000e+00, 9.933124e-01, 1.006729e+00, 2.208118e-06, -2.886492e-05, 1.447753e-06, 1.000001e+00, 5.034100e-06, -2.127193e-08, 4.181151e-07, 1.000004e+00, 1.939548e+01, 7.500001e+00, 9.500000e+00
14, 14, 1.050704e-02, 1.949544e+01, 7.500000e+00, 9.500000e+00, 0.000000e+00, 0.000000e+00, 0.000000e+00, 0.000000e+00, 0.000000e+00, 0.000000e+00, 0.000000e+00, 0.000000e+00, 0.000000e+00, 0.000000e+00, 0.000000e+00, 0.000000e+00, 2.670000e+00, 6.000000e+00, 3.464000e+00, 9.933159e-01, 1.006729e+00, 2.208987e-06, -1.693114e-05, 1.447753e-06, 1.000001e+00, 1.485070e-06, -2.127184e-08, 4.181135e-07, 1.000000e+00, 1.939548e+01, 7.500001e+00, 9.500000e+00
14, 14, 0.000000e+00, 1.949544e+01, 7.500000e+00, 9.500000e+00, 0.000000e+00, 0.000000e+00, 0.000000e+00, 0.000000e+00, 0.000000e+00, 0.000000e+00, 0.000000e+00, 0.000000e+00, 0.000000e+00, 0.000000e+00, 0.000000e+00, 0.000000e+00, 2.670000e+00, 6.000000e+00, 3.464000e+00, 9.933159e-01, 1.006729e+00, 2.208987e-06, -1.693114e-05, 1.447753e-06, 1.000001e+00, 1.485070e-06, -2.127184e-08, 4.181135e-07, 1.000000e+00, 1.939548e+01, 7.500001e+00, 9.500000e+00
15, 15, 1.050704e-02, 1.949787e+01, 7.500000e+00, 1.100000e+01, 0.000000e+00, 0.000000e+00, 0.000000e+00, 0.000000e+00, 0.000000e+00, 0.000000e+00, 0.000000e+00, 0.000000e+00, 0.000000e+00, 0.000000e+00, 0.000000e+00, 0.000000e+00, 2.669998e+00, 6.000000e+00, 3.464002e+00, 1.013351e+00, 9.868223e-01, 4.741506e-07, -3.099876e-01, 1.443331e-06, 1.000001e+00, 3.900086e-07, -7.298284e-06, 8.275433e-08, 1.000004e+00, 1.969784e+01, 7.500002e+00, 1.100001e+01
15, 15, 0.000000e+00, 1.949787e+01, 7.500000e+00, 1.100000e+01, 0.000000e+00, 0.000000e+00, 0.000000e+00, 0.000000e+00, 0.000000e+00, 0.000000e+00, 0.000000e+00, 0.000000e+00, 0.000000e+00, 0.000000e+00, 0.000000e+00, 0.000000e+00, 2.669998e+00, 6.000000e+00, 3.464002e+00, 1.013351e+00, 9.868223e-01, 4.741506e-07, -3.099876e-01, 1.443331e-06, 1.000001e+00, 3.900086e-07, -7.298284e-06, 8.275433e-08, 1.000004e+00, 1.969784e+01, 7.500002e+00, 1.100001e+01
16, 16, 2.101408e-02, 1.949576e+01, 7.500000e+00, 1.400000e+01, -3.469950e-15, 9.725832e-17, -1.317496e-13, -6.363364e-13, -7.340247e-13, -2.285711e-12, 5.371874e-17, -5.950357e-14, 1.271983e-15, -4.128839e-18, 2.868055e-19, -4.035623e-16, 2.670000e+00, 5.999998e+00, 3.464001e+00, 1.033324e+00, 9.677492e-01, -1.152110e-06, -1.152110e-06, 1.396834e-06, 1.000000e+00, 8.288738e-07, -6.933401e-06, -1.058905e-07, 1.000001e+00, 1.999562e+01, 7.500000e+00, 1.400000e+01
16, 16, 1.050704e-02, 1.949576e+01, 7.500000e+00, 1.400000e+01, 0.000000e+00, 0.000000e+00, 0.000000e+00, 0.000000e+00, 0.000000e+00, 0.000000e+00, 0.000000e+00, 0.000000e+00, 0.000000e+00, 0.000000e+00, 0.000000e+00, 0.000000e+00, 2.670000e+00, 5.999998e+00, 3.464001e+00, 1.033324e+00, 9.677492e-01, -1.152110e-06, -1.152110e-06, 1.396834e-06, 1.000000e+00, 8.288738e-07, -6.933401e-06, -1.058905e-07, 1.000001e+00, 1.999562e+01, 7.500000e+00, 1.400000e+01
16, 16, 0.000000e+00, 1.949576e+01, 7.500000e+00, 1.400000e+01, 0.000000e+00, 0.000000e+00, 0.000000e+00, 0.000000e+00, 0.000000e+00, 0.000000e+00, 0.000000e+00, 0.000000e+00, 0.000000e+00, 0.000000e+00, 0.000000e+00, 0.000000e+00, 2.670000e+00, 5.999998e+00, 3.464001e+00, 1.033324e+00, 9.677492e-01, -1.152110e-06, -1.152110e-06, 1.396834e-06, 1.000000e+00, 8.288738e-07, -6.933401e-06, -1.058905e-07, 1.000001e+00, 1.999562e+01, 7.500000e+00, 1.400000e+01
17, 17, 2.101408e-02, 1.949576e+01, 7.500000e+00, 2.000000e+01, -6.196002e-05, -1.166805e-06, -5.326657e-02, -3.242062e-04, -3.202136e-04, -1.021590e-03, 1.161825e-05, -4.921720e-01, 2.622777e-06, -1.049021e-06, 8.100946e-09, -6.886883e-04, 2.670000e+00, 5.999998e+00, 3.464001e+00, 1.033330e+00, 9.677492e-01, -1.152106e-06, -1.152096e-06, 1.396837e-06, 1.000000e+00, 8.288745e-07, -1.203022e-05, -2.383113e-06, 9.999959e-01, 1.999562e+01, 7.500000e+00, 2.000000e+01
17, 17, 1.050704e-02, 1.949576e+01, 7.500000e+00, 2.000000e+01, -6.628317e-05, 1.628733e-06, -3.412649e-02, -7.270552e-04, -6.182615e-04, -1.701072e-03, 1.252162e-05, -3.161132e-01, -2.528164e-05, -1.370428e-07, 8.482440e-09, -2.215007e-04, 2.670000e+00, 5.999998e+00, 3.464001e+00, 1.033330e+00, 9.677492e-01, -1.152106e-06, -1.152096e-06, 1.396837e-06, 1.000000e+00, 8.288745e-07, -1.203022e-05, -2.383113e-06, 9.999959e-01, 1.999562e+01, 7.500000e+00, 2.000000e+01
17, 17, 0.000000e+00, 1.949576e+01, 7.500000e+00, 2.000000e+01, 0.000000e+00, 0.000000e+00, 0.000000e+00, 0.000000e+00, 0.000000e+00, 0.000000e+00, 0.000000e+00, 0.000000e+00, 0.000000e+00, 0.000000e+00, 0.000000e+00, 0.000000e+00, 2.670000e+00, 5.999998e+00, 3.464001e+00, 1.033330e+00, 9.677492e-01, -1.152106e-06, -1.152096e-06, 1.396837e-06, 1.000000e+00, 8.288745e-07, -1.203022e-05, -2.383113e-06, 9.999959e-01, 1.999562e+01, 7.500000e+00, 2.000000e+01
18, 18, 2.101408e-02, 1.949576e+01, 7.500000e+00, 2.600000e+01, 3.629598e-15, 5.324613e-20, -1.332776e-13, 6.447813e-13, 7.420750e-13, 2.310886e-12, 2.103505e-19, -6.158363e-14, -1.079426e-18, 4.378129e-18, 1.738247e-22, -4.067780e-16, 2.670000e+00, 5.999998e+00, 3.464001e+00, 1.033331e+00, 9.677494e-01, -1.152104e-06, -1.152092e-06, 1.396837e-06, 1.000000e+00, 8.288764e-07, -1.199725e-05, -3.133047e-06, 9.999952e-01, 1.999562e+01, 7.500000e+00, 2.600000e+01
18, 18, 1.050704e-02, 1.949576e+01, 7.500000e+00, 2.600000e+01, 0.000000e+00, 0.000000e+00, 0.000000e+00, 0.000000e+00, 0.000000e+00, 0.000000e+00, 0.000000e+00, 0.000000e+00, 0.000000e+00, 0.000000e+00, 0.000000e+00, 0.000000e+00, 2.670000e+00, 5.999998e+00, 3.464001e+00, 1.033331e+00, 9.677494e-01, -1.152104e-06, -1.152092e-06, 1.396837e-06, 1.000000e+00, 8.288764e-07, -1.199725e-05, -3.133047e-06, 9.999952e-01, 1.999562e+01, 7.500000e+00, 2.600000e+01
18, 18, 0.000000e+00, 1.949576e+01, 7.500000e+00, 2.600000e+01, 0.000000e+00, 0.000000e+00, 0.000000e+00, 0.000000e+00, 0.000000e+00, 0.000000e+00, 0.000000e+00, 0.000000e+00, 0.000000e+00, 0.000000e+00, 0.000000e+00, 0.000000e+00, 2.670000e+00, 5.999998e+00, 3.464001e+00, 1.033331e+00, 9.677494e-01, -1.152104e-06, -1.152092e-06, 1.396837e-06, 1.000000e+00, 8.288764e-07, -1.199725e-05, -3.133047e-06, 9.999952e-01, 1.999562e+01, 7.500000e+00, 2.600000e+01
19, 19, 1.050704e-02, 1.949787e+01, 7.500000e+00, 2.900000e+01, 0.000000e+00, 0.000000e+00, 0.000000e+00, 0.000000e+00, 0.000000e+00, 0.000000e+00, 0.000000e+00, 0.000000e+00, 0.000000e+00, 0.000000e+00, 0.000000e+00, 0.000000e+00, 2.669998e+00, 6.000000e+00, 3.464002e+00, 1.013363e+00, 9.868160e-01, 1.759833e-06, 3.099820e-01, 1.443318e-06, 1.000001e+00, 1.267743e-06, -1.486804e-05, 4.101249e-06, 9.999926e-01, 1.969784e+01, 7.500002e+00, 2.900000e+01
19, 19, 0.000000e+00, 1.949787e+01, 7.500000e+00, 2.900000e+01, 0.000000e+00, 0.000000e+00, 0.000000e+00, 0.000000e+00, 0.000000e+00, 0.000000e+00, 0.000000e+00, 0.000000e+00, 0.000000e+00, 0.000000e+00, 0.000000e+00, 0.000000e+00, 2.669998e+00, 6.000000e+00, 3.464002e+00, 1.013363e+00, 9.868160e-01, 1.759833e-06, 3.099820e-01, 1.443318e-06, 1.000001e+00, 1.267743e-06, -1.486804e-05, 4.101249e-06, 9.999926e-01, 1.969784e+01, 7.500002e+00, 2.900000e+01
20, 20, 1.050704e-02, 1.949544e+01, 7.500000e+00, 3.050000e+01, 0.000000e+00, 0.000000e+00, 0.000000e+00, 0.000000e+00, 0.000000e+00, 0.000000e+00, 0.000000e+00, 0.000000e+00, 0.000000e+00, 0.000000e+00, 0.000000e+00, 0.000000e+00, 2.670000e+00, 6.000000e+00, 3.464000e+00, 9.933159e-01, 1.006729e+00, 2.208987e-06, -1.693114e-05, 1.447753e-06, 1.000001e+00, 1.485070e-06, -1.378783e-08, -2.073968e-07, 1.000000e+00, 1.939548e+01, 7.500001e+00, 3.050000e+01
20, 20, 0.000000e+00, 1.949544e+01, 7.500000e+00, 3.050000e+01, 0.000000e+00, 0.000000e+00, 0.000000e+00, 0.000000e+00, 0.000000e+00, 0.000000e+00, 0.000000e+00, 0.000000e+00, 0.000000e+00, 0.000000e+00, 0.000000e+00, 0.000000e+00, 2.670000e+00, 6.000000e+00, 3.464000e+00, 9.933159e-01, 1.006729e+00, 2.208987e-06, -1.693114e-05, 1.447753e-06, 1.000001e+00, 1.485070e-06, -1.378783e-08, -2.073968e-07, 1.000000e+00, 1.939548e+01, 7.500001e+00, 3.050000e+01
23, 23, 2.101408e-02, 1.949890e+01, 9.000000e+00, 9.500000e+00, -2.987134e-31, -5.740217e-30, -3.327276e-30, -1.994900e-29, -2.497934e-29, -5.412296e-29, -4.485168e-30, -2.918635e-30, -5.852979e-29, -2.319124e-34, -4.772560e-33, -3.531202e-33, 2.670000e+00, 6.000000e+00, 3.464000e+00, 1.013359e+00, 9.868284e-01, -3.099942e-01, -2.179747e-06, -4.403662e-10, 9.999848e-01, 5.721980e-06, -5.198837e-09, 1.649736e-09, 1.000004e+00, 1.969888e+01, 9.000000e+00, 9.500000e+00
23, 23, 1.050704e-02, 1.949890e+01, 9.000000e+00, 9.500000e+00, 0.000000e+00, 0.000000e+00, 0.000000e+00, 0.000000e+00, 0.000000e+00, 0.000000e+00, 0.000000e+00, 0.000000e+00, 0.000000e+00, 0.000000e+00, 0.000000e+00, 0.000000e+00, 2.670000e+00, 6.000000e+00, 3.464000e+00, 1.013341e+00, 9.868284e-01, -3.099923e-01, -2.179735e-06, -4.403732e-10, 1.000003e+00, 5.722084e-06, -5.198840e-09, 3.816372e-06, 1.000004e+00, 1.969888e+01, 9.000000e+00, 9.500000e+00
23, 23, 0.000000e+00, 1.949890e+01, 9.000000e+00, 9.500000e+00, 0.000000e+00, 0.000000e+00, 0.000000e+00, 0.000000e+00, 0.000000e+00, 0.000000e+00, 0.000000e+00, 0.000000e+00, 0.000000e+00, 0.000000e+00, 0.000000e+00, 0.000000e+00, 2.670000e+00, 6.000000e+00, 3.464000e+00, 1.013341e+00, 9.868284e-01, -3.099923e-01, -2.179735e-06, -4.403732e-10, 1.000003e+00, 5.722084e-06, -5.198840e-09, 3.816372e-06, 1.000004e+00, 1.969888e+01, 9.000000e+00, 9.500000e+00
24, 24, 2.101408e-02, 1.949890e+01, 9.000000e+00, 3.050000e+01, 0.000000e+00, 0.000000e+00, 0.000000e+00, 0.000000e+00, 0.000000e+00, 0.000000e+00, 0.000000e+00, 0.000000e+00, 0.000000e+00, 0.000000e+00, 0.000000e+00, 0.000000e+00, 2.670000e+00, 6.000000e+00, 3.464000e+00, 1.013345e+00, 9.868283e-01, -3.099922e-01, -1.076067e-05, -4.403426e-10, 1.000003e+00, -1.647042e-13, -4.400385e-09, 1.144517e-05, 1.000000e+00, 1.969888e+01, 9.000000e+00, 3.050000e+01
24, 24, 1.050704e-02, 1.949890e+01, 9.000000e+00, 3.050000e+01, 0.000000e+00, 0.000000e+00, 0.000000e+00, 0.000000e+00, 0.000000e+00, 0.000000e+00, 0.000000e+00, 0.000000e+00, 0.000000e+00, 0.000000e+00, 0.000000e+00, 0.000000e+00, 2.670000e+00, 6.000000e+00, 3.464000e+00, 1.013363e+00, 9.868283e-01, -3.099941e-01, -1.076067e-05, -4.403356e-10, 9.999847e-01, -1.647012e-13, -4.400373e-09, 1.049418e-09, 1.000000e+00, 1.969888e+01, 9.000000e+00, 3.050000e+01
24, 24, 0.000000e+00, 1.949890e+01, 9.000000e+00, 3.050000e+01, 0.000000e+00, 0.000000e+00, 0.000000e+00, 0.000000e+00, 0.000000e+00, 0.000000e+00, 0.000000e+00, 0.000000e+00, 0.000000e+00, 0.000000e+00, 0.000000e+00, 0.000000e+00, 2.670000e+00, 6.000000e+00, 3.464000e+00, 1.013363e+00, 9.868283e-01, -3.099941e-01, -1.076067e-05, -4.403356e-10, 9.999847e-01, -1.647012e-13, -4.400373e-09, 1.049418e-09, 1.000000e+00, 1.969888e+01, 9.000000e+00, 3.050000e+01
25, 25, 2.101408e-02, 1.949576e+01, 1.200000e+01, 2.000000e+01, 1.138164e-16, 3.259435e-15, -4.375412e-11, -1.531481e-14, -5.736093e-14, -2.175309e-14, -6.985701e-16, -1.449731e-11, 4.542737e-10, 4.884001e-19, 1.009603e-17, -1.352030e-13, 2.670000e+00, 6.000000e+00, 3.464000e+00, 1.033324e+00, 9.677494e-01, 1.019940e-05, -1.152105e-06, -3.212720e-08, 1.000006e+00, -8.478739e-07, -1.203022e-05, 9.536667e-06, 9.999958e-01, 1.999562e+01, 1.200000e+01, 2.000000e+01
25, 25, 1.050704e-02, 1.949576e+01, 1.200000e+01, 2.000000e+01, -9.456158e-18, 1.297777e-16, -1.634459e-12, -7.178592e-16, -2.099214e-15, -8.225859e-16, 9.921375e-17, -8.159540e-13, 1.493132e-11, -9.075771e-21, 1.734118e-19, -2.102761e-15, 2.670000e+00, 6.000000e+00, 3.464000e+00, 1.033330e+00, 9.677492e-01, 1.149945e-06, -1.152097e-06, -3.212702e-08, 9.999998e-01, -8.478689e-07, -1.203022e-05, -1.335137e-05, 9.999958e-01, 1.999562e+01, 1.200000e+01, 2.000000e+01
25, 25, 0.000000e+00, 1.949576e+01, 1.200000e+01, 2.000000e+01, 0.000000e+00, 0.000000e+00, 0.000000e+00, 0.000000e+00, 0.000000e+00, 0.000000e+00, 0.000000e+00, 0.000000e+00, 0.000000e+00, 0.000000e+00, 0.000000e+00, 0.000000e+00, 2.670000e+00, 6.000000e+00, 3.464000e+00, 1.033330e+00, 9.677492e-01, 1.149945e-06, -1.152097e-06, -3.212702e-08, 9.999998e-01, -8.478689e-07, -1.203022e-05, -1.335137e-05, 9.999958e-01, 1.999562e+01, 1.200000e+01, 2.000000e+01
26, 26, 2.101408e-02, 1.950133e+01, 0.000000e+00, 8.000000e+00, 0.000000e+00, 0.000000e+00, 0.000000e+00, 0.000000e+00, 0.000000e+00, 0.000000e+00, 0.000000e+00, 0.000000e+00, 0.000000e+00, 0.000000e+00, 0.000000e+00, 0.000000e+00, 2.670000e+00, 5.999999e+00, 3.464000e+00, 9.583172e-01, 1.043494e+00, 1.010380e-05, -1.392113e-06, 0.000000e+00, 1.000000e+00, 0.000000e+00, 2.316656e-06, 2.284578e-06, 1.000002e+00, 2.000128e+01, 0.000000e+00, 8.000000e+00
26, 26, 1.050704e-02, 1.950133e+01, 0.000000e+00, 8.000000e+00, 0.000000e+00, 0.000000e+00, 0.000000e+00, 0.000000e+00, 0.000000e+00, 0.000000e+00, 0.000000e+00, 0.000000e+00, 0.000000e+00, 0.000000e+00, 0.000000e+00, 0.000000e+00, 2.670000e+00, 5.999999e+00, 3.464000e+00, 9.583172e-01, 1.043494e+00, 1.010380e-05, -1.392113e-06, 0.000000e+00, 1.000000e+00, 0.000000e+00, 2.316656e-06, 2.284578e-06, 1.000002e+00, 2.000128e+01, 0.000000e+00, 8.000000e+00
26, 26, 0.000000e+00, 1.950133e+01, 0.000000e+00, 8.000000e+00, 0.000000e+00, 0.000000e+00, 0.000000e+00, 0.000000e+00, 0.000000e+00, 0.000000e+00, 0.000000e+00, 0.000000e+00, 0.000000e+00, 0.000000e+00, 0.000000e+00, 0.000000e+00, 2.670000e+00, 5.999999e+00, 3.464000e+00, 9.583172e-01, 1.043494e+00, 1.010380e-05, -1.392113e-06, 0.000000e+00, 1.000000e+00, 0.000000e+00, 2.316656e-06, 2.284578e-06, 1.000002e+00, 2.000128e+01, 0.000000e+00, 8.000000e+00
27, 27, 1.050704e-02, 1.950133e+01, 0.000000e+00, 2.000000e+01, 0.000000e+00, 0.000000e+00, 0.000000e+00, 0.000000e+00, 0.000000e+00, 0.000000e+00, 0.000000e+00, 0.000000e+00, 0.000000e+00, 0.000000e+00, 0.000000e+00, 0.000000e+00, 2.670000e+00, 5.999999e+00, 3.464000e+00, 9.583228e-01, 1.043494e+00, 1.010379e-05, -1.392101e-06, 0.000000e+00, 1.000000e+00, 0.000000e+00, 9.771202e-06, 9.536822e-06, 9.999959e-01, 2.000128e+01, 0.000000e+00, 2.000000e+01
27, 27, 0.000000e+00, 1.950133e+01, 0.000000e+00, 2.000000e+01, 0.000000e+00, 0.000000e+00, 0.000000e+00, 0.000000e+00, 0.000000e+00, 0.000000e+00, 0.000000e+00, 0.000000e+00, 0.000000e+00, 0.000000e+00, 0.000000e+00, 0.000000e+00, 2.670000e+00, 5.999999e+00, 3.464000e+00, 9.583228e-01, 1.043494e+00, 1.010379e-05, -1.392101e-06, 0.000000e+00, 1.000000e+00, 0.000000e+00, 9.771202e-06, 9.536822e-06, 9.999959e-01, 2.000128e+01, 0.000000e+00, 2.000000e+01
29, 29, 1.050704e-02, 1.950133e+01, 3.000000e+00, 2.000000e+01, -1.023837e-18, 9.497656e-18, 2.355178e-14, 5.203510e-17, 1.509581e-16, 5.254815e-17, -1.296711e-17, -2.336750e-14, 2.178337e-13, -1.423496e-21, 1.812417e-20, 4.669039e-17, 2.670000e+00, 5.999999e+00, 3.464000e+00, 9.583265e-01, 1.043494e+00, 1.595217e-09, -1.392102e-06, 1.461279e-06, 9.999960e-01, -2.119684e-07, 9.771182e-06, -1.335132e-05, 9.999959e-01, 2.000128e+01, 3.000000e+00, 2.000000e+01
29, 29, 0.000000e+00, 1.950133e+01, 3.000000e+00, 2.000000e+01, 0.000000e+00, 0.000000e+00, 0.000000e+00, 0.000000e+00, 0.000000e+00, 0.000000e+00, 0.000000e+00, 0.000000e+00, 0.000000e+00, 0.000000e+00, 0.000000e+00, 0.000000e+00, 2.670000e+00, 5.999999e+00, 3.464000e+00, 9.583265e-01, 1.043494e+00, 1.595217e-09, -1.392102e-06, 1.461279e-06, 9.999960e-01, -2.119684e-07, 9.771182e-06, -1.335132e-05, 9.999959e-01, 2.000128e+01, 3.000000e+00, 2.000000e+01
30, 30, 2.101408e-02, 1.950386e+01, 6.000000e+00, 9.500000e+00, 0.000000e+00, 0.000000e+00, 0.000000e+00, 0.000000e+00, 0.000000e+00, 0.000000e+00, 0.000000e+00, 0.000000e+00, 0.000000e+00, 0.000000e+00, 0.000000e+00, 0.000000e+00, 2.670000e+00, 6.000000e+00, 3.464000e+00, 9.832989e-01, 1.016978e+00, 3.193672e-01, -9.482105e-06, 2.733841e-06, 1.000007e+00, -3.174727e-11, 3.690353e-06, 4.973696e-06, 1.000000e+00, 1.970380e+01, 6.000000e+00, 9.500000e+00
30, 30, 1.050704e-02, 1.950386e+01, 6.000000e+00, 9.500000e+00, 0.000000e+00, 0.000000e+00, 0.000000e+00, 0.000000e+00, 0.000000e+00, 0.000000e+00, 0.000000e+00, 0.000000e+00, 0.000000e+00, 0.000000e+00, 0.000000e+00, 0.000000e+00, 2.670000e+00, 6.000000e+00, 3.464000e+00, 9.833055e-01, 1.016978e+00, 3.193695e-01, -9.482105e-06, 2.733822e-06, 1.000001e+00, -3.174705e-11, 3.690343e-06, 1.158970e-06, 1.000000e+00, 1.970380e+01, 6.000000e+00, 9.500000e+00
30, 30, 0.000000e+00, 1.950386e+01, 6.000000e+00, 9.500000e+00, 0.000000e+00, 0.000000e+00, 0.000000e+00, 0.000000e+00, 0.000000e+00, 0.000000e+00, 0.000000e+00, 0.000000e+00, 0.000000e+00, 0.000000e+00, 0.000000e+00, 0.000000e+00, 2.670000e+00, 6.000000e+00, 3.464000e+00, 9.833055e-01, 1.016978e+00, 3.193695e-01, -9.482105e-06, 2.733822e-06, 1.000001e+00, -3.174705e-11, 3.690343e-06, 1.158970e-06, 1.000000e+00, 1.970380e+01, 6.000000e+00, 9.500000e+00
31, 31, 1.050704e-02, 1.950386e+01, 6.000000e+00, 3.050000e+01, 0.000000e+00, 0.000000e+00, 0.000000e+00, 0.000000e+00, 0.000000e+00, 0.000000e+00, 0.000000e+00, 0.000000e+00, 0.000000e+00, 0.000000e+00, 0.000000e+00, 0.000000e+00, 2.670000e+00, 6.000000e+00, 3.464000e+00, 9.832671e-01, 1.016978e+00, 3.193672e-01, 7.549350e-04, 2.733874e-06, 1.000007e+00, 2.863177e-06, 1.148768e-05, 1.505064e-05, 1.000032e+00, 1.970380e+01, 6.000000e+00, 3.050000e+01
31, 31, 0.000000e+00, 1.950386e+01, 6.000000e+00, 3.050000e+01, 0.000000e+00, 0.000000e+00, 0.000000e+00, 0.000000e+00, 0.000000e+00, 0.000000e+00, 0.000000e+00, 0.000000e+00, 0.000000e+00, 0.000000e+00, 0.000000e+00, 0.000000e+00, 2.670000e+00, 6.000000e+00, 3.464000e+00, 9.832671e-01, 1.016978e+00, 3.193672e-01, 7.549350e-04, 2.733874e-06, 1.000007e+00, 2.863177e-06, 1.148768e-05, 1.505064e-05, 1.000032e+00, 1.970380e+01, 6.000000e+00, 3.050000e+01
32, 32, 2.101408e-02, 1.950133e+01, 7.500000e+00, 5.000000e+00, 0.000000e+00, 0.000000e+00, 0.000000e+00, 0.000000e+00, 0.000000e+00, 0.000000e+00, 0.000000e+00, 0.000000e+00, 0.000000e+00, 0.000000e+00, 0.000000e+00, 0.000000e+00, 2.670000e+00, 5.999998e+00, 3.464001e+00, 9.583189e-01, 1.043495e+00, -1.392115e-06, -1.392114e-06, 5.178294e-06, 1.000000e+00, 8.288679e-07, 2.552023e-06, 1.253907e-07, 9.999993e-01, 2.000127e+01, 7.499999e+00, 4.999999e+00
32, 32, 1.050704e-02, 1.950133e+01, 7.500000e+00, 5.000000e+00, 0.000000e+00, 0.000000e+00, 0.000000e+00, 0.000000e+00, 0.000000e+00, 0.000000e+00, 0.000000e+00, 0.000000e+00, 0.000000e+00, 0.000000e+00, 0.000000e+00, 0.000000e+00, 2.670000e+00, 5.999998e+00, 3.464001e+00, 9.583189e-01, 1.043495e+00, -1.392115e-06, -1.392114e-06, 5.178294e-06, 1.000000e+00, 8.288679e-07, 2.552023e-06, 1.253907e-07, 9.999993e-01, 2.000127e+01, 7.499999e+00, 4.999999e+00
32, 32, 0.000000e+00, 1.950133e+01, 7.500000e+00, 5.000000e+00, 0.000000e+00, 0.000000e+00, 0.000000e+00, 0.000000e+00, 0.000000e+00, 0.000000e+00, 0.000000e+00, 0.000000e+00, 0.000000e+00, 0.000000e+00, 0.000000e+00, 0.000000e+00, 2.670000e+00, 5.999998e+00, 3.464001e+00, 9.583189e-01, 1.043495e+00, -1.392115e-06, -1.392114e-06, 5.178294e-06, 1.000000e+00, 8.288679e-07, 2.552023e-06, 1.253907e-07, 9.999993e-01, 2.000127e+01, 7.499999e+00, 4.999999e+00
33, 33, 2.101408e-02, 1.950283e+01, 7.500000e+00, 8.000000e+00, 0.000000e+00, 0.000000e+00, 0.000000e+00, 0.000000e+00, 0.000000e+00, 0.000000e+00, 0.000000e+00, 0.000000e+00, 0.000000e+00, 0.000000e+00, 0.000000e+00, 0.000000e+00, 2.670000e+00, 6.000000e+00, 3.464000e+00, 9.833131e-01, 1.016968e+00, 5.985338e-07, 3.194249e-01, 4.966150e-06, 1.000001e+00, 2.385364e-06, 2.170283e-06, 1.865755e-07, 1.000003e+00, 1.970279e+01, 7.500002e+00, 8.000002e+00
33, 33, 1.050704e-02, 1.950283e+01, 7.500000e+00, 8.000000e+00, 0.000000e+00, 0.000000e+00, 0.000000e+00, 0.000000e+00, 0.000000e+00, 0.000000e+00, 0.000000e+00, 0.000000e+00, 0.000000e+00, 0.000000e+00, 0.000000e+00, 0.000000e+00, 2.670000e+00, 6.000000e+00, 3.464000e+00, 9.833131e-01, 1.016968e+00, 5.985338e-07, 3.194249e-01, 4.966150e-06, 1.000001e+00, 2.385364e-06, 2.170283e-06, 1.865755e-07, 1.000003e+00, 1.970279e+01, 7.500002e+00, 8.000002e+00
33, 33, 0.000000e+00, 1.950283e+01, 7.500000e+00, 8.000000e+00, 0.000000e+00, 0.000000e+00, 0.000000e+00, 0.000000e+00, 0.000000e+00, 0.000000e+00, 0.000000e+00, 0.000000e+00, 0.000000e+00, 0.000000e+00, 0.000000e+00, 0.000000e+00, 2.670000e+00, 6.000000e+00, 3.464000e+00, 9.833131e-01, 1.016968e+00, 5.985338e-07, 3.194249e-01, 4.966150e-06, 1.000001e+00, 2.385364e-06, 2.170283e-06, 1.865755e-07, 1.000003e+00, 1.970279e+01, 7.500002e+00, 8.000002e+00
34, 34, 2.101408e-02, 1.950051e+01, 7.500000e+00, 9.500000e+00, 0.000000e+00, 0.000000e+00, 0.000000e+00, 0.000000e+00, 0.000000e+00, 0.000000e+00, 0.000000e+00, 0.000000e+00, 0.000000e+00, 0.000000e+00, 0.000000e+00, 0.000000e+00, 2.670000e+00, 6.000002e+00, 3.464000e+00, 1.008312e+00, 9.917567e-01, 2.316854e-06, -1.820287e-05, 4.966083e-06, 1.000000e+00, 1.484977e-06, 3.758728e-06, 4.181223e-07, 1.000000e+00, 1.940051e+01, 7.500000e+00, 9.499999e+00
34, 34, 1.050704e-02, 1.950051e+01, 7.500000e+00, 9.500000e+00, 0.000000e+00, 0.000000e+00, 0.000000e+00, 0.000000e+00, 0.000000e+00, 0.000000e+00, 0.000000e+00, 0.000000e+00, 0.000000e+00, 0.000000e+00, 0.000000e+00, 0.000000e+00, 2.670000e+00, 6.000002e+00, 3.464000e+00, 1.008308e+00, 9.917567e-01, 2.314991e-06, -2.938809e-05, 4.966096e-06, 1.000000e+00, 5.033958e-06, 3.758742e-06, 4.181239e-07, 1.000004e+00, 1.940051e+01, 7.500000e+00, 9.499999e+00
34, 34, 0.000000e+00, 1.950051e+01, 7.500000e+00, 9.500000e+00, 0.000000e+00, 0.000000e+00, 0.000000e+00, 0.000000e+00, 0.000000e+00, 0.000000e+00, 0.000000e+00, 0.000000e+00, 0.000000e+00, 0.000000e+00, 0.000000e+00, 0.000000e+00, 2.670000e+00, 6.000002e+00, 3.464000e+00, 1.008308e+00, 9.917567e-01, 2.314991e-06, -2.938809e-05, 4.966096e-06, 1.000000e+00, 5.033958e-06, 3.758742e-06, 4.181239e-07, 1.000004e+00, 1.940051e+01, 7.500000e+00, 9.499999e+00
35, 35, 1.050704e-02, 1.950283e+01, 7.500000e+00, 1.100000e+01, 0.000000e+00, 0.000000e+00, 0.000000e+00, 0.000000e+00, 0.000000e+00, 0.000000e+00, 0.000000e+00, 0.000000e+00, 0.000000e+00, 0.000000e+00, 0.000000e+00, 0.000000e+00, 2.670000e+00, 6.000000e+00, 3.464000e+00, 9.833158e-01, 1.016966e+00, 5.120352e-07, -3.194260e-01, 4.966139e-06, 1.000001e+00, -7.276161e-07, 5.156640e-06, 8.273907e-08, 1.000001e+00, 1.970278e+01, 7.500002e+00, 1.100000e+01
35, 35, 0.000000e+00, 1.950283e+01, 7.500000e+00, 1.100000e+01, 0.000000e+00, 0.000000e+00, 0.000000e+00, 0.000000e+00, 0.000000e+00, 0.000000e+00, 0.000000e+00, 0.000000e+00, 0.000000e+00, 0.000000e+00, 0.000000e+00, 0.000000e+00, 2.670000e+00, 6.000000e+00, 3.464000e+00, 9.833158e-01, 1.016966e+00, 5.120352e-07, -3.194260e-01, 4.966139e-06, 1.000001e+00, -7.276161e-07, 5.156640e-06, 8.273907e-08, 1.000001e+00, 1.970278e+01, 7.500002e+00, 1.100000e+01
36, 36, 2.101408e-02, 1.950133e+01, 7.500000e+00, 1.400000e+01, -4.482290e-15, -1.084896e-16, 1.466629e-13, 7.037980e-13, 8.170085e-13, 2.548497e-12, 6.850226e-17, -7.732809e-14, -1.421707e-15, -6.147451e-18, -3.207723e-19, 4.504149e-16, 2.670000e+00, 5.999998e+00, 3.464001e+00, 9.583172e-01, 1.043495e+00, -1.392116e-06, -1.392115e-06, 5.178299e-06, 1.000000e+00, 8.288684e-07, 6.818118e-06, -1.059104e-07, 1.000001e+00, 2.000127e+01, 7.499999e+00, 1.400000e+01
36, 36, 1.050704e-02, 1.950133e+01, 7.500000e+00, 1.400000e+01, 0.000000e+00, 0.000000e+00, 0.000000e+00, 0.000000e+00, 0.000000e+00, 0.000000e+00, 0.000000e+00, 0.000000e+00, 0.000000e+00, 0.000000e+00, 0.000000e+00, 0.000000e+00, 2.670000e+00, 5.999998e+00, 3.464001e+00, 9.583172e-01, 1.043495e+00, -1.392116e-06, -1.392115e-06, 5.178299e-06, 1.000000e+00, 8.288684e-07, 6.818118e-06, -1.059104e-07, 1.000001e+00, 2.000127e+01, 7.499999e+00, 1.400000e+01
36, 36, 0.000000e+00, 1.950133e+01, 7.500000e+00, 1.400000e+01, 0.000000e+00, 0.000000e+00, 0.000000e+00, 0.000000e+00, 0.000000e+00, 0.000000e+00, 0.000000e+00, 0.000000e+00, 0.000000e+00, 0.000000e+00, 0.000000e+00, 0.000000e+00, 2.670000e+00, 5.999998e+00, 3.464001e+00, 9.583172e-01, 1.043495e+00, -1.392116e-06, -1.392115e-06, 5.178299e-06, 1.000000e+00, 8.288684e-07, 6.818118e-06, -1.059104e-07, 1.000001e+00, 2.000127e+01, 7.499999e+00, 1.400000e+01
37, 37, 2.101408e-02, 1.950133e+01, 7.500000e+00, 2.000000e+01, -5.798682e-05, 1.313412e-06, 5.700918e-02, 2.337015e-04, 3.094867e-04, 1.070956e-03, 1.124166e-05, -5.267370e-01, -2.005891e-06, -1.100547e-06, -8.198048e-09, 7.515211e-04, 2.670000e+00, 5.999998e+00, 3.464001e+00, 9.583224e-01, 1.043495e+00, -1.392112e-06, -1.392102e-06, 5.178300e-06, 1.000000e+00, 8.288692e-07, 9.771190e-06, -2.383144e-06, 9.999955e-01, 2.000127e+01, 7.499999e+00, 2.000000e+01
37, 37, 1.050704e-02, 1.950133e+01, 7.500000e+00, 2.000000e+01, -7.521603e-05, -1.778155e-06, 3.772164e-02, 8.309195e-04, 7.021805e-04, 1.928539e-03, 1.356710e-05, -3.494222e-01, 2.908286e-05, -1.544114e-07, -9.419765e-09, 2.464643e-04, 2.670000e+00, 5.999998e+00, 3.464001e+00, 9.583224e-01, 1.043495e+00, -1.392112e-06, -1.392102e-06, 5.178300e-06, 1.000000e+00, 8.288692e-07, 9.771190e-06, -2.383144e-06, 9.999955e-01, 2.000127e+01, 7.499999e+00, 2.000000e+01
37, 37, 0.000000e+00, 1.950133e+01, 7.500000e+00, 2.000000e+01, 0.000000e+00, 0.000000e+00, 0.000000e+00, 0.000000e+00, 0.000000e+00, 0.000000e+00, 0.000000e+00, 0.000000e+00, 0.000000e+00, 0.000000e+00, 0.000000e+00, 0.000000e+00, 2.670000e+00, 5.999998e+00, 3.464001e+00, 9.583224e-01, 1.043495e+00, -1.392112e-06, -1.392102e-06, 5.178300e-06, 1.000000e+00, 8.288692e-07, 9.771190e-06, -2.383144e-06, 9.999955e-01, 2.000127e+01, 7.499999e+00, 2.000000e+01
38, 38, 2.101408e-02, 1.950133e+01, 7.500000e+00, 2.600000e+01, 4.674196e-15, -7.656969e-20, 1.483990e-13, -7.134121e-13, -8.261618e-13, -2.577078e-12, -1.711310e-19, -7.983323e-14, 1.461081e-18, 6.447702e-18, -2.156578e-22, 4.540724e-16, 2.670000e+00, 5.999998e+00, 3.464001e+00, 9.583230e-01, 1.043495e+00, -1.392111e-06, -1.392099e-06, 5.178298e-06, 1.000000e+00, 8.288709e-07, 6.782826e-06, -3.133072e-06, 9.999949e-01, 2.000127e+01, 7.499999e+00, 2.600001e+01
38, 38, 1.050704e-02, 1.950133e+01, 7.500000e+00, 2.600000e+01, 0.000000e+00, 0.000000e+00, 0.000000e+00, 0.000000e+00, 0.000000e+00, 0.000000e+00, 0.000000e+00, 0.000000e+00, 0.000000e+00, 0.000000e+00, 0.000000e+00, 0.000000e+00, 2.670000e+00, 5.999998e+00, 3.464001e+00, 9.583230e-01, 1.043495e+00, -1.392111e-06, -1.392099e-06, 5.178298e-06, 1.000000e+00, 8.288709e-07, 6.782826e-06, -3.133072e-06, 9.999949e-01, 2.000127e+01, 7.499999e+00, 2.600001e+01
38, 38, 0.000000e+00, 1.950133e+01, 7.500000e+00, 2.600000e+01, 0.000000e+00, 0.000000e+00, 0.000000e+00, 0.000000e+00, 0.000000e+00, 0.000000e+00, 0.000000e+00, 0.000000e+00, 0.000000e+00, 0.000000e+00, 0.000000e+00, 0.000000e+00, 2.670000e+00, 5.999998e+00, 3.464001e+00, 9.583230e-01, 1.043495e+00, -1.392111e-06, -1.392099e-06, 5.178298e-06, 1.000000e+00, 8.288709e-07, 6.782826e-06, -3.133072e-06, 9.999949e-01, 2.000127e+01, 7.499999e+00, 2.600001e+01
39, 39, 1.050704e-02, 1.950283e+01, 7.500000e+00, 2.900000e+01, 0.000000e+00, 0.000000e+00, 0.000000e+00, 0.000000e+00, 0.000000e+00, 0.000000e+00, 0.000000e+00, 0.000000e+00, 0.000000e+00, 0.000000e+00, 0.000000e+00, 0.000000e+00, 2.670000e+00, 6.000000e+00, 3.464000e+00, 9.833180e-01, 1.016969e+00, 1.842641e-06, 3.194234e-01, 4.966153e-06, 1.000001e+00, 2.385359e-06, 2.623705e-06, 4.101304e-06, 9.999982e-01, 1.970279e+01, 7.500002e+00, 2.900000e+01
39, 39, 0.000000e+00, 1.950283e+01, 7.500000e+00, 2.900000e+01, 0.000000e+00, 0.000000e+00, 0.000000e+00, 0.000000e+00, 0.000000e+00, 0.000000e+00, 0.000000e+00, 0.000000e+00, 0.000000e+00, 0.000000e+00, 0.000000e+00, 0.000000e+00, 2.670000e+00, 6.000000e+00, 3.464000e+00, 9.833180e-01, 1.016969e+00, 1.842641e-06, 3.194234e-01, 4.966153e-06, 1.000001e+00, 2.385359e-06, 2.623705e-06, 4.101304e-06, 9.999982e-01, 1.970279e+01, 7.500002e+00, 2.900000e+01
40, 40, 1.050704e-02, 1.950051e+01, 7.500000e+00, 3.050000e+01, 0.000000e+00, 0.000000e+00, 0.000000e+00, 0.000000e+00, 0.000000e+00, 0.000000e+00, 0.000000e+00, 0.000000e+00, 0.000000e+00, 0.000000e+00, 0.000000e+00, 0.000000e+00, 2.670000e+00, 6.000002e+00, 3.464000e+00, 1.008279e+00, 9.917567e-01, 2.317777e-06, -1.118429e-04, 4.966134e-06, 1.000000e+00, 5.033736e-06, 1.133124e-05, -2.073782e-07, 1.000032e+00, 1.940051e+01, 7.500000e+00, 3.050000e+01
40, 40, 0.000000e+00, 1.950051e+01, 7.500000e+00, 3.050000e+01, 0.000000e+00, 0.000000e+00, 0.000000e+00, 0.000000e+00, 0.000000e+00, 0.000000e+00, 0.000000e+00, 0.000000e+00, 0.000000e+00, 0.000000e+00, 0.000000e+00, 0.000000e+00, 2.670000e+00, 6.000002e+00, 3.464000e+00, 1.008279e+00, 9.917567e-01, 2.317777e-06, -1.118429e-04, 4.966134e-06, 1.000000e+00, 5.033736e-06, 1.133124e-05, -2.073782e-07, 1.000032e+00, 1.940051e+01, 7.500000e+00, 3.050000e+01
43, 43, 2.101408e-02, 1.950386e+01, 9.000000e+00, 9.500000e+00, 0.000000e+00, 0.000000e+00, 0.000000e+00, 0.000000e+00, 0.000000e+00, 0.000000e+00, 0.000000e+00, 0.000000e+00, 0.000000e+00, 0.000000e+00, 0.000000e+00, 0.000000e+00, 2.670000e+00, 6.000000e+00, 3.464000e+00, 9.833231e-01, 1.016975e+00, -3.193831e-01, -9.482074e-06, 5.434907e-06, 9.999831e-01, -6.409730e-11, 3.690333e-06, -1.159033e-06, 1.000000e+00, 1.970380e+01, 8.999999e+00, 9.500000e+00
43, 43, 1.050704e-02, 1.950386e+01, 9.000000e+00, 9.500000e+00, 0.000000e+00, 0.000000e+00, 0.000000e+00, 0.000000e+00, 0.000000e+00, 0.000000e+00, 0.000000e+00, 0.000000e+00, 0.000000e+00, 0.000000e+00, 0.000000e+00, 0.000000e+00, 2.670000e+00, 6.000000e+00, 3.464000e+00, 9.833052e-01, 1.016975e+00, -3.193862e-01, -9.482074e-06, 5.435006e-06, 1.000001e+00, -6.409846e-11, 3.690354e-06, 2.655675e-06, 1.000000e+00, 1.970380e+01, 8.999999e+00, 9.500000e+00
43, 43, 0.000000e+00, 1.950386e+01, 9.000000e+00, 9.500000e+00, 0.000000e+00, 0.000000e+00, 0.000000e+00, 0.000000e+00, 0.000000e+00, 0.000000e+00, 0.000000e+00, 0.000000e+00, 0.000000e+00, 0.000000e+00, 0.000000e+00, 0.000000e+00, 2.670000e+00, 6.000000e+00, 3.464000e+00, 9.833052e-01, 1.016975e+00, -3.193862e-01, -9.482074e-06, 5.435006e-06, 1.000001e+00, -6.409846e-11, 3.690354e-06, 2.655675e-06, 1.000000e+00, 1.970380e+01, 8.999999e+00, 9.500000e+00
44, 44, 2.101408e-02, 1.950386e+01, 9.000000e+00, 3.050000e+01, 0.000000e+00, 0.000000e+00, 0.000000e+00, 0.000000e+00, 0.000000e+00, 0.000000e+00, 0.000000e+00, 0.000000e+00, 0.000000e+00, 0.000000e+00, 0.000000e+00, 0.000000e+00, 2.670000e+00, 6.000000e+00, 3.464000e+00, 9.832733e-01, 1.016975e+00, -3.193862e-01, -5.131630e-04, 5.435071e-06, 1.000001e+00, 5.719525e-06, 1.148768e-05, 7.838207e-06, 1.000032e+00, 1.970380e+01, 8.999999e+00, 3.050000e+01
44, 44, 1.050704e-02, 1.950386e+01, 9.000000e+00, 3.050000e+01, 0.000000e+00, 0.000000e+00, 0.000000e+00, 0.000000e+00, 0.000000e+00, 0.000000e+00, 0.000000e+00, 0.000000e+00, 0.000000e+00, 0.000000e+00, 0.000000e+00, 0.000000e+00, 2.670000e+00, 6.000000e+00, 3.464000e+00, 9.832911e-01, 1.016975e+00, -3.193831e-01, -5.131630e-04, 5.434973e-06, 9.999831e-01, 5.719422e-06, 1.148762e-05, -3.606279e-06, 1.000032e+00, 1.970380e+01, 8.999999e+00, 3.050000e+01
44, 44, 0.000000e+00, 1.950386e+01, 9.000000e+00, 3.050000e+01, 0.000000e+00, 0.000000e+00, 0.000000e+00, 0.000000e+00, 0.000000e+00, 0.000000e+00, 0.000000e+00, 0.000000e+00, 0.000000e+00, 0.000000e+00, 0.000000e+00, 0.000000e+00, 2.670000e+00, 6.000000e+00, 3.464000e+00, 9.832911e-01, 1.016975e+00, -3.193831e-01, -5.131630e-04, 5.434973e-06, 9.999831e-01, 5.719422e-06, 1.148762e-05, -3.606279e-06, 1.000032e+00, 1.970380e+01, 8.999999e+00, 3.050000e+01
45, 45, 2.101408e-02, 1.950133e+01, 1.200000e+01, 2.000000e+01, 2.575553e-16, -3.495679e-15, 4.892298e-11, 1.608520e-14, 6.182081e-14, 2.360298e-14, -1.915268e-15, -1.942685e-11, -5.086009e-10, 9.984027e-19, -1.088775e-17, 1.514015e-13, 2.670000e+00, 5.999999e+00, 3.464000e+00, 9.583173e-01, 1.043494e+00, 1.010385e-05, -1.392110e-06, 5.845170e-06, 1.000005e+00, -8.478817e-07, 9.771257e-06, 9.536877e-06, 9.999959e-01, 2.000128e+01, 1.200000e+01, 2.000000e+01
45, 45, 1.050704e-02, 1.950133e+01, 1.200000e+01, 2.000000e+01, -4.471243e-18, -1.458226e-16, 1.844860e-12, 7.999634e-16, 2.356381e-15, 9.322706e-16, 5.746194e-17, -9.860359e-13, -1.685147e-11, -1.858045e-21, -1.949991e-19, 2.373600e-15, 2.670000e+00, 5.999999e+00, 3.464000e+00, 9.583229e-01, 1.043494e+00, 1.595222e-09, -1.392102e-06, 5.845137e-06, 9.999999e-01, -8.478768e-07, 9.771124e-06, -1.335138e-05, 9.999959e-01, 2.000128e+01, 1.200000e+01, 2.000000e+01
45, 45, 0.000000e+00, 1.950133e+01, 1.200000e+01, 2.000000e+01, 0.000000e+00, 0.000000e+00, 0.000000e+00, 0.000000e+00, 0.000000e+00, 0.000000e+00, 0.000000e+00, 0.000000e+00, 0.000000e+00, 0.000000e+00, 0.000000e+00, 0.000000e+00, 2.670000e+00, 5.999999e+00, 3.464000e+00, 9.583229e-01, 1.043494e+00, 1.595222e-09, -1.392102e-06, 5.845137e-06, 9.999999e-01, -8.478768e-07, 9.771124e-06, -1.335138e-05, 9.999959e-01, 2.000128e+01, 1.200000e+01, 2.000000e+01
